id,name,description,icon,related_interests,related_occasions,related_relationships,style_tags,min_price,max_price
skincare_gift_set,Skincare Gift Set,Curated sets of facial care cleansers and hydrating essentials.,spa,skincare|beauty,birthday|eid|wedding|anniversary|thank_you,mother|sister|partner|friend|best_friend,self_care|elegant|luxury|practical,500,15000
beauty_gift_set,Beauty Gift Set,Cosmetics bundles and makeup kits for all special occasions.,brush,beauty|makeup|fashion,birthday|eid|wedding|engagement,sister|friend|partner|best_friend,elegant|luxury|fun|practical,500,15000
self_care_hamper,Self Care Hamper,Relaxing bath kits and soothing body care pampering sets.,bath,beauty|skincare|home_lifestyle,birthday|thank_you|eid|anniversary,mother|sister|friend|partner|teacher,self_care|sentimental|elegant|practical,500,15000
tech_gadgets,Tech Gadgets,Smart gadgets and digital lifestyle electronics accessories.,devices,technology|computer_gadgets|gaming,birthday|graduation|eid|anniversary,brother|partner|friend|best_friend|colleague,practical|fun|luxury|minimal,500,15000
mobile_accessories_bundle,Mobile Accessories Bundle,Essential portable smartphone chargers stands and wireless earbuds.,smartphone,mobile_accessories|technology|computer_gadgets,birthday|graduation|thank_you|eid,brother|sister|friend|colleague|best_friend,practical|budget_friendly|minimal,500,15000
book_bundle,Book Bundle,Handpicked collections of popular novels literature and inspirational reads.,menu_book,books|art_crafts,birthday|graduation|thank_you|eid,friend|teacher|best_friend|partner|brother|sister,sentimental|practical|minimal|budget_friendly,500,15000
fitness_gear,Fitness Gear,Resistance bands workout accessories and durable training equipment.,fitness_center,fitness|sports,birthday|graduation|anniversary,brother|friend|partner|colleague|best_friend,practical|self_care|minimal,500,15000
jewelry_set,Jewelry Set,Fine pendants necklaces bracelets and matching earrings sets.,diamond,jewelry|fashion,wedding|anniversary|engagement|birthday|eid,partner|mother|sister|best_friend,elegant|luxury|sentimental,500,15000
cricket_gear,Cricket Gear,Cricket bats balls protective gloves and active playing gear.,sports_cricket,cricket|sports,birthday|eid|graduation,brother|father|friend|best_friend,practical|fun|budget_friendly,500,15000
gaming_accessories,Gaming Accessories,Responsive gaming mice rgb mousepads and gaming audio headsets.,sports_esports,gaming|technology|computer_gadgets,birthday|graduation|eid,brother|friend|best_friend|colleague,fun|practical|luxury,500,15000
home_decor_gift,Home Decor Gift,Aesthetic room lights scented candles and artful home decorations.,home,home_lifestyle|art_crafts,wedding|anniversary|eid|thank_you|birthday,mother|friend|partner|teacher|colleague,elegant|sentimental|minimal|practical,500,15000
food_hamper,Food Hamper,Gourmet chocolates dry fruits and specialty teas gift baskets.,restaurant,food|home_lifestyle,eid|wedding|anniversary|birthday|thank_you,father|mother|friend|colleague|teacher|other,luxury|sentimental|practical|budget_friendly,500,15000
