name,description,price,category_id,tags,interests,occasions,age_groups,genders,styles,availability,image_url,store_name,store_url,source
Dr Haider Bella Donna 24K Gold Vitamin C Face Wash & Cream Combo,"A brightening 24K gold and vitamin C skincare duo including face wash and moisturizing cream for a radiant, glowing complexion.",850,skincare_gift_set,facewash|cream|vitaminc|skincare|combo|gold,skincare|beauty,birthday|thank_you|eid,10_19|20_24|25_29|30_39,,budget_friendly|practical|self_care,in_stock,https://pk-live-21.slatic.net/kf/Sa62938f4f9034fac869f8961e7179d2ab.jpg,Daraz,https://www.daraz.pk/products/24k-i1952470751.html,curated
Arena Gold 4-Step Skincare Whitening Facial Kit & Skin Brightening Combo,"A complete 4-step facial care set featuring whitening serum, cream, milky facewash, and BB cream for smooth glowing skin.",2499,skincare_gift_set,facialkit|whitening|serum|facewash|bbcream|skincare,skincare|beauty,birthday|eid|wedding|anniversary,20_24|25_29|30_39|40_49,female,self_care|practical|elegant,in_stock,https://static-01.daraz.pk/p/223f0b9c895d588f02dda892f41b3f24.png,Daraz,https://www.daraz.pk/products/arena-gold-4-step-skincare-whitening-facial-kit-skin-brightening-combo-best-facial-serum-cream-milky-facewash-bb-cream-for-glowing-skin-i1963170836.html,curated
Vitamin C 6-Steps Facial Kit - Complete Glowing Skin Care Routine Set,"An intensive 6-step salon facial treatment kit with double action cleanser, scrub, massage cream, skin polish, clay mask, and urgent facial.",4499,skincare_gift_set,facialkit|vitaminc|salon|claymask|scrub|skincare,skincare|beauty,birthday|anniversary|wedding|eid,20_24|25_29|30_39|40_49,female,self_care|luxury|elegant,in_stock,https://static-01.daraz.pk/p/4f8bfa2d5e856387cf819039fd91d0f3.png,Daraz,https://www.daraz.pk/products/6-i1958278337.html,curated
Gegemoon-Skincare Set-Bird's Nest 6-in-1 Luxury Skincare Set,"A premium 6-in-1 nourishing bird's nest extract skincare routine set formulated for deep hydration, skin firming, and anti-aging renewal.",8211,skincare_gift_set,luxury|birdsnest|antiaging|firming|serum|skincare,skincare|beauty,birthday|wedding|anniversary,25_29|30_39|40_49|50_plus,female,luxury|self_care|elegant,in_stock,https://static-01.daraz.pk/p/84642cf1aea36dc2963b35bd1176452d.jpg,Daraz,https://www.daraz.pk/products/1-6-i1970982332.html,curated
Professional All-In-One Bridal Makeup Gift Kit,"A compact cosmetic kit containing eyeshadows, blushers, and lip colors for beginner and festive makeup. An accessible gift for girls and young adults.",899,beauty_gift_set,makeup|cosmetics|eyeshadow|blush|giftkit,makeup|beauty|fashion,birthday|eid|thank_you,10_19|20_24|25_29,female,budget_friendly|fun|practical,in_stock,https://img.drz.lazcdn.com/static/pk/p/0be91db405626027c44243a7a9775f5c.jpg,Daraz,https://www.daraz.pk/products/best-gift-makeup-kit-for-professionals-and-bridals-best-quality-makeup-kit-bridal-makeup-kit-professional-makeup-kit-all-in-one-professional-cosmetic-women-best-makeup-kit-for-girls-and-women-i445805939.html,curated
13 in 1 Complete Makeup Gift Set for Girls & Women,"A comprehensive beauty package with foundation, primer, eyeshadow palette, mascara, and makeup fixer. Covers the essential steps for full party makeup.",2399,beauty_gift_set,makeupkit|foundation|mascara|palette|lipstick,makeup|beauty|fashion,birthday|wedding|eid|engagement,10_19|20_24|25_29|30_39,female,practical|fun|elegant,in_stock,https://img.drz.lazcdn.com/static/pk/p/65caad6fb7e2467d3e6d8a4362aa6cbe.jpg,Daraz,https://www.daraz.pk/products/13-in-1-makeup-kit-for-girls-women-complete-makeup-set-with-foundation-primer-concealer-eyeshadow-palette-compact-powder-lipstick-mascara-makeup-fixer-i1948122554.html,curated
Full Professional 190 Color Palette Makeup Vanity Set,"An extensive makeup artist palette featuring 190 pigmented shades of eyeshadow, contour, and highlight powders. Ideal for creative and festive styling.",6799,beauty_gift_set,eyeshadowpalette|190color|vanity|professional|makeup,makeup|beauty|art_crafts,wedding|anniversary|birthday|engagement,20_24|25_29|30_39,female,luxury|elegant|fun,in_stock,https://img.drz.lazcdn.com/static/pk/p/823ad759bca4023dddfb45cc0be4e870.jpg,Daraz,https://www.daraz.pk/products/190-i432422896.html,curated
Miss Rose 140 Color All-In-One Vanity Case Makeup Kit,"A luxury multi-tier travel makeup trunk equipped with eyeshadows, face powders, highlighters, and brushes. An impressive celebratory gift.",10000,beauty_gift_set,missrose|vanitycase|allinone|bridalmakeup|luxury,makeup|beauty|fashion,wedding|engagement|anniversary|birthday,20_24|25_29|30_39|40_49,female,luxury|elegant,in_stock,https://img.drz.lazcdn.com/static/pk/p/dc1d46b7a2d480be40a6b60ad2e24021.jpg,Daraz,https://www.daraz.pk/products/140-i1950572516.html,curated
Daily Skincare Gift Pack Face Wash Day Cream & Serum Kit,"A hydrating self-care trio containing gentle cleanser, moisturizing cream, and nourishing face serum. Provides an uplifting daily skincare routine.",799,self_care_hamper,selfcare|cream|serum|facewash|giftpack,skincare|beauty|home_lifestyle,birthday|thank_you|eid,10_19|20_24|25_29|30_39,,self_care|budget_friendly|practical,in_stock,https://img.drz.lazcdn.com/static/pk/p/78be05c56b6c003fc1c4cae4eebeecfc.jpg,Daraz,https://www.daraz.pk/products/-i944649678.html,curated
Scents N Secrets Romanian Blue Bath & Body Gift Box,"An aromatic luxury bathing assortment with body wash, fragranced lotion, and mist in calming notes. Perfect for soothing home pampering sessions.",3411,self_care_hamper,bathandbody|scents|fragrance|lotion|showergel,beauty|home_lifestyle,birthday|anniversary|eid|thank_you,20_24|25_29|30_39|40_49,,self_care|elegant|sentimental,in_stock,https://img.drz.lazcdn.com/static/pk/p/3e6fe684be76fc3fa23b5d2ba06466f8.jpg,Daraz,https://www.daraz.pk/products/-i596059362.html,curated
Scents N Secrets I Love Oud Bath & Body Luxury Gift Box,"A rich oriental fragrance gift box containing body wash, nourishing lotion, and long-lasting oud scent mist. Ideal for relaxing evening aromatherapy.",3667,self_care_hamper,oud|bathandbody|fragrance|pampering|luxurybox,beauty|home_lifestyle,wedding|anniversary|eid|birthday,25_29|30_39|40_49|50_plus,,luxury|self_care|elegant,in_stock,https://img.drz.lazcdn.com/static/pk/p/74ebff224959db62c974c83fc67fa091.jpg,Daraz,https://www.daraz.pk/products/i-love-i596096063.html,curated
Remington PG180 Pilot Grooming Self-Care Kit,"A precision personal grooming kit featuring washable steel trimmer blades, beard combs, and detail cutters. Delivers dependable grooming convenience.",9000,self_care_hamper,remington|grooming|trimmer|personalcare|shaver,beauty|technology,birthday|graduation|eid|anniversary,20_24|25_29|30_39|40_49,male,practical|self_care|luxury,in_stock,https://img.drz.lazcdn.com/static/pk/p/92ffbcfbc6a117b96057a7ebc40e6988.jpg,Daraz,https://www.daraz.pk/products/pg180-i2672199.html,curated
Portable Tech Travel Cable Organizer Waterproof Storage Case,"A durable multi-compartment travel organizer designed to protect power banks, USB cords, flash drives, and adapters. Keeps digital essentials neatly sorted.",729,tech_gadgets,cableorganizer|techpouch|travelcase|accessories,technology|travel|computer_gadgets,graduation|birthday|thank_you,10_19|20_24|25_29|30_39|40_49,,practical|minimal|budget_friendly,in_stock,https://img.drz.lazcdn.com/static/pk/p/73ca9fc76d75dbeee84d8583fb22eb82.jpg,Daraz,https://www.daraz.pk/products/travel-cable-organizer-waterproof-electronic-accessories-storage-pouch-portable-tech-accessories-carry-case-waterproof-cable-gadget-organizer-bag-electronic-travel-storage-bag-multi-purpose-cable-organizer-gadget-pouch-i1947776530.html,curated
JBL M3 Mini Bluetooth Speaker Portable Wireless Speaker,"An ultra-portable wireless speaker with HD stereo sound, rechargeable battery, and versatile playback options via USB, TF card, and Bluetooth.",1450,tech_gadgets,bluetoothspeaker|portable|wireless|audio|speaker,technology|computer_gadgets,birthday|graduation|eid,10_19|20_24|25_29|30_39,,practical|fun|budget_friendly,in_stock,https://pk-live-21.slatic.net/kf/S2fa9a0d91441479dbba4739a269be216n.jpg,Daraz,https://www.daraz.pk/products/jbl-m3-i1964603722.html,curated
A4Tech HS-50 ComfortFit Stereo Headset with Noise Cancelling Mic,An ergonomic over-ear stereo headset equipped with plush ear cushions and noise-filtering microphone. Delivers clear acoustics for calls and music.,4099,tech_gadgets,a4tech|headset|headphones|microphone|audio,technology|computer_gadgets|gaming,birthday|graduation|thank_you,10_19|20_24|25_29|30_39,,practical|minimal,in_stock,https://img.drz.lazcdn.com/static/pk/p/5a2d6e386ce056dbe1267428f5c90ec9.jpg,Daraz,https://www.daraz.pk/products/a4-hs-50-i592439570.html,curated
Wireless Charger Fast Charging Pad Ultra Slim Portable Qi Pad,An ultra-slim Qi-certified wireless charging pad with intelligent heat management and fast wireless charging support for all compatible phones.,1500,tech_gadgets,wirelesscharger|qicharger|fastcharging|chargingpad|tech,technology|mobile_accessories,birthday|thank_you|graduation,20_24|25_29|30_39|40_49,,practical|minimal|budget_friendly,in_stock,https://static-01.daraz.pk/p/08e00120aa828ac20b908c8ce5f2d58c.jpg,Daraz,https://www.daraz.pk/products/wireless-charger-fast-charging-pad-ultra-slim-portable-qi-wireless-charger-5w15w-charging-pad-for-compatible-smartphones-i1967324959.html,curated
Xiaomi 67W Turbo Charger Adapter with 1m Fast Cable Bundle,An authentic high-speed wall charging set engineered with smart heat dissipation and quick power output. Compatible with modern Type-C smartphones.,1377,mobile_accessories_bundle,xiaomi|fastcharger|67w|typec|turbocharge,mobile_accessories|technology,birthday|thank_you|eid,10_19|20_24|25_29|30_39,,practical|budget_friendly|minimal,in_stock,https://img.drz.lazcdn.com/static/pk/p/2bcba2d8bf45eef7253a992e4aa1a5f6.jpg,Daraz,https://www.daraz.pk/products/xiaomi-67w-turbo-charger-bundle-with-1m-usb-cable-decimal-charger-for-redmik30pocoxiaomi-devices-i573811914.html,curated
45W Super Fast Charger Adapter with 65W 4-in-1 Fast Cable Combo,A multi-device fast charging kit featuring a dual-port USB and PD wall adapter paired with a versatile 4-in-1 universal cable.,1145,mobile_accessories_bundle,charger|typec|lightning|fastcharging|cablebundle|universal,mobile_accessories|technology,birthday|thank_you|eid,10_19|20_24|25_29|30_39|40_49,,practical|budget_friendly,in_stock,https://static-01.daraz.pk/p/4cd69b1ce2fc0a4e2eac99aa197f98af.jpg,Daraz,https://www.daraz.pk/products/45w-usb-pd-65w-4-in-1-2-1-i940916040.html,curated
Xiaomi 120W HyperCharge Fast Charger USB-A to Type-C Cable Combo,A high-speed wall charging bundle including a 120W HyperCharge power brick and a heavy-duty Type-C charging cable for rapid device charging.,2545,mobile_accessories_bundle,xiaomi|120w|fastcharger|typec|hypercharge|cable,mobile_accessories|technology,birthday|graduation|eid,20_24|25_29|30_39|40_49,,practical|budget_friendly,in_stock,https://static-01.daraz.pk/p/4edf19ded9b9b48368d87a7ebcd0905f.jpg,Daraz,https://www.daraz.pk/products/120-usb-a-c-i1967387266.html,curated
WiWU 4-in-1 Tech Travel Organizer Combo Kit 10000mAh,"A premium traveler's mobile power pack featuring a magnetic 10000mAh battery pack, universal adapter plugs, braided cables, and shockproof hardshell case.",9190,mobile_accessories_bundle,wiwu|magneticpowerbank|travelset|premium|combo,mobile_accessories|technology|travel,graduation|birthday|anniversary,20_24|25_29|30_39|40_49|50_plus,,luxury|practical|minimal,in_stock,https://img.drz.lazcdn.com/static/pk/p/4eb4ba52f75961e967a57fa87309de9b.jpg,Daraz,https://www.daraz.pk/products/wiwu-4-in-1-10000mah-i1965780748.html,curated
Pack of 6 Self Help & Motivation Bestseller Books Bundle,"An inspiring book package containing Ikigai, The Power of Discipline, Attitude is Everything, and other personal growth bestsellers. A thoughtful gift for curious minds.",799,book_bundle,books|selfhelp|motivation|ikigai|discipline,books,birthday|graduation|thank_you|eid,10_19|20_24|25_29|30_39|40_49,,sentimental|practical|budget_friendly,in_stock,https://img.drz.lazcdn.com/static/pk/p/4f7fc2431cf8ca35086b59ca9e33465d.jpg,Daraz,https://www.daraz.pk/products/pack-of-6-pcs-self-help-motivation-books-bundle-the-power-of-discipline-ikigai-the-art-of-being-alone-the-art-of-laziness-attitude-is-everything-the-48-laws-of-power-best-english-novel-_ks-i1950740132.html,curated
Dandadan Volumes 1-5 Ultimate Manga Collection Set,The first five action-packed volumes of the popular sci-fi supernatural manga series in English print. Packed with thrilling humor and dynamic storytelling.,2999,book_bundle,manga|dandadan|anime|comic|bookset,books|art_crafts|gaming,birthday|eid|graduation,10_19|20_24|25_29,,fun|sentimental,in_stock,https://img.drz.lazcdn.com/static/pk/p/6e088a8296eb4c718a5949d2685dd2a1.jpg,Daraz,https://www.daraz.pk/products/dandadan-volumes-1-5-ultimate-book-collection-manga-set-by-yukinobu-tatsu-ultimate-manga-bundle-english-language-edition-collectors-pack-_am-i1962391392.html,curated
A Court of Thorns and Roses 5 Book Series Bundle Sarah J Maas,The complete five-book fantasy romance saga following Feyre's magical adventures across fairy lands. Bound in matching paperback editions.,5345,book_bundle,acotar|fantasy|fiction|sarahjmaas|novels,books,birthday|anniversary|eid,20_24|25_29|30_39,,sentimental|elegant,in_stock,https://img.drz.lazcdn.com/static/pk/p/94aa82c16260a92f80c65cbe10996614.jpg,Daraz,https://www.daraz.pk/products/a-court-of-thorns-and-roses-5-book-bundle-sarah-j-maas-i876627886.html,curated
The Wardstone Chronicles Spook's Complete 13 Book Set,The entire 13-book dark fantasy collector's edition detailing the Spook apprentice's adventures against ancient witches and spirits. A grand gift for book lovers.,7145,book_bundle,spooks|wardstone|chronicles|darkfantasy|boxset,books,birthday|graduation|anniversary,10_19|20_24|25_29|30_39,,luxury|sentimental,in_stock,https://img.drz.lazcdn.com/static/pk/p/6abf6fa595bc09e99a84a60e06ae2d7e.jpg,Daraz,https://www.daraz.pk/products/the-spooks-apprentice-the-spooks-curse-the-spooks-secret-the-spooks-battle-the-spooks-mistake-the-spooks-sacrifice-the-spooks-nightmare-the-spooks-destiny-spooks-i-am-grimalkin-blood-slithers-tale-alice-revenge-i494871486.html,curated
11-Piece Power Resistance Bands Workout Training Set,"A versatile home fitness band kit including 5 resistance tubes, cushioned handles, ankle straps, and door anchor. Supports full body calisthenics.",1098,fitness_gear,resistancebands|workout|fitness|gym|exercise,fitness|sports,birthday|graduation|thank_you,10_19|20_24|25_29|30_39|40_49,,practical|budget_friendly|self_care,in_stock,https://img.drz.lazcdn.com/static/pk/p/617da5b72e7d79b2075775c7423984d7.jpg,Daraz,https://www.daraz.pk/products/11-5-i261124458.html,curated
Anti-Slip 10mm Extra Thick Yoga & Exercise Mat 72x24 Inch,"A high-density cushioning workout mat with textured non-slip surface and carrying strap. Ideal for floor pilates, stretching, and yoga poses.",1899,fitness_gear,yogamat|pilates|floormat|exercise|cushioning,fitness|sports,birthday|anniversary|eid,20_24|25_29|30_39|40_49|50_plus,,self_care|practical|minimal,in_stock,https://img.drz.lazcdn.com/static/pk/p/5a646c2685714399e52cefe9aa8784d5.jpg,Daraz,https://www.daraz.pk/products/10-72-24-i433184684.html,curated
Adjustable Multi-Position Weight Bench Press,A heavy-duty steel exercise bench with multi-angle backrest adjustments for flat and incline dumbbell training. Enhances home strength workouts.,4799,fitness_gear,weightbench|benchpress|gymequipment|dumbbellbench|strength,fitness|sports,birthday|graduation|anniversary,20_24|25_29|30_39|40_49,,practical|luxury,in_stock,https://img.drz.lazcdn.com/static/pk/p/45564883f3bf74ea1e5d7966ef47e62d.jpg,Daraz,https://www.daraz.pk/products/-i399884149.html,curated
Heavy-Duty Incline Decline Straight Workout Bench Press,A reinforced commercial-style gym bench designed for full body barbell and dumbbell routines. Built with padded leatherette seating and rubber footpads.,8799,fitness_gear,inclinebench|workoutbench|gymgear|weightlifting|fitness,fitness|sports,birthday|anniversary|graduation,20_24|25_29|30_39|40_49,,practical|luxury,in_stock,https://img.drz.lazcdn.com/static/pk/p/48430ea450ee63c95a201b2390234127.jpg,Daraz,https://www.daraz.pk/products/-i209496287.html,curated
Artificial Bridal Fashion Jewelry Set with Matching Earrings,"A delicate traditional jewelry set featuring an ornate choker necklace, matching drop earrings, and maang tikka with crystal accents.",662,jewelry_set,jewelry|necklace|earrings|tikka|artificialjewelry,jewelry|fashion,wedding|eid|birthday,10_19|20_24|25_29|30_39,female,budget_friendly|elegant,in_stock,https://img.drz.lazcdn.com/static/pk/p/57e79391d45ee0c96c56784d939fc9b4.jpg,Daraz,https://www.daraz.pk/products/00765403-i410655537.html,curated
Zircon Micro-Setting Bridal Pendant & Earrings Jewelry Set,A sparkling rhodium-plated jewelry ensemble encrusted with cubic zirconia stones. Adds sophisticated shine to festive and evening attire.,1550,jewelry_set,zircon|bridalset|rhodium|pendant|earrings,jewelry|fashion,wedding|engagement|anniversary|birthday,20_24|25_29|30_39|40_49,female,elegant|sentimental,in_stock,https://img.drz.lazcdn.com/static/pk/p/4657ea5976ea6e73708e9ca3a47318ec.jpg,Daraz,https://www.daraz.pk/products/-i433857572.html,curated
Kundan & Pearl Heritage Bridal Jewelry Set,An exquisite artisanal bridal set adorned with handcrafted kundan stones and clustered faux seed pearls. Perfectly complements traditional wedding wear.,3550,jewelry_set,kundan|pearls|bridalset|traditional|necklace,jewelry|fashion,wedding|engagement|eid|anniversary,20_24|25_29|30_39|40_49,female,luxury|elegant|sentimental,in_stock,https://pk-live-21.slatic.net/kf/S073680a342104323b3699a9059c2297aZ.jpg,Daraz,https://www.daraz.pk/products/-i430750880.html,curated
Premium Gold-Plated Long-Lasting Bridal Jewelry Set,A regal high-polish bridal jewelry set embellished with gemstone inlays and intricate filigree work. Presented in a luxury gift case.,7999,jewelry_set,goldplated|bridalset|filigree|regal|luxuryjewelry,jewelry|fashion,wedding|engagement|anniversary,20_24|25_29|30_39|40_49|50_plus,female,luxury|elegant,in_stock,https://img.drz.lazcdn.com/static/pk/p/f2390f7a0dc1ea857d47669466547144.jpg,Daraz,https://www.daraz.pk/products/-i629009373.html,curated
Saki Sports Cricket Bat 2026 Full Size Tape Ball Bat,A lightweight wooden tape-ball cricket bat shaped with thick power edges and a balanced pickup. Engineered for street and tournament play.,1049,cricket_gear,cricketbat|tapeball|sakisports|poweredges|cricket,cricket|sports,birthday|eid|graduation,10_19|20_24|25_29|30_39,male,practical|fun|budget_friendly,in_stock,https://img.drz.lazcdn.com/static/pk/p/5a91ca5f6c88dd9652a92e105e4c6981.jpg,Daraz,https://www.daraz.pk/products/2026-i936886422.html,curated
Personal Cricket Kit Bag Duffle Bag Large Size with Bat Pocket,A spacious water-resistant cricket duffle bag featuring reinforced shoulder straps and dedicated bat compartments. Fits full personal equipment comfortably.,1559,cricket_gear,kitbag|cricketbag|dufflebag|sportsgear|cricket,cricket|sports,birthday|graduation|eid,10_19|20_24|25_29|30_39,male,practical|budget_friendly,in_stock,https://img.drz.lazcdn.com/static/pk/p/55ca562725fa8b30d8c07e05fc8676d3.jpg,Daraz,https://www.daraz.pk/products/-i435209405.html,curated
SS TON Professional Editions Hard Ball Cricket Bat,A handcrafted hard-ball cricket bat fashioned from seasoned willow with responsive rebound sweetspot. Designed for competitive club and turf tournaments.,3987,cricket_gear,sston|hardballbat|cricketbat|clubcricket|cricket,cricket|sports,birthday|graduation|eid,10_19|20_24|25_29|30_39,male,practical|fun,in_stock,https://img.drz.lazcdn.com/static/pk/p/ff391d46f5eb4d72d242687d6052f5ee.jpg,Daraz,https://www.daraz.pk/products/ss-ton-2023-editions-hard-ball-cricket-bat-for-professional-players-i1965918221.html,curated
Taimoor F Plus Premium English Willow Cricket Bat Full Size,"A top-tier English willow cricket bat featuring straight grains, oversized profile, and feather-light pickup balance. Built for high-impact stroke play.",7900,cricket_gear,englishwillow|taimoor|cricketbat|hardball|premiumcricket,cricket|sports,birthday|graduation|anniversary|eid,20_24|25_29|30_39|40_49,male,luxury|practical,in_stock,https://static-01.daraz.pk/p/face570a52497f7d8700703bfe4ad22f.jpg,Daraz,https://www.daraz.pk/products/f-i1968644371.html,curated
RGB 7-Color Backlit Precision Wired Gaming Mouse,An ergonomic 7-button optical gaming mouse featuring dynamic breathing RGB backlighting and adjustable DPI tracking. Provides crisp clicks and smooth glide.,579,gaming_accessories,gamingmouse|rgb|opticalmouse|dpi|gaminggear,gaming|technology|computer_gadgets,birthday|graduation|eid,10_19|20_24|25_29|30_39,,fun|budget_friendly|practical,in_stock,https://static-01.daraz.pk/p/81ee00a7d1bb99cc8897141b6510b15b.jpg,Daraz,https://www.daraz.pk/products/7-i1959941878.html,curated
PRO II RGB Stereo Gaming Headphones with Noise Cancelling Mic,"An immersive gaming headset fitted with 50mm dynamic drivers, deep bass chamber, and flexible noise-suppression boom mic for voice chat.",1572,gaming_accessories,gamingheadset|headphones|rgb|noisecancelling|mic,gaming|technology|computer_gadgets,birthday|graduation|eid,10_19|20_24|25_29|30_39,,fun|practical,in_stock,https://static-01.daraz.pk/p/3f2406fe2d5924f04d5890cc57ab9529.jpg,Daraz,https://www.daraz.pk/products/71-4-i478130174.html,curated
RGB K61 60% Compact Mechanical Gaming Keyboard Blue Switch,"A space-saving 61-key mechanical gaming keyboard with clicky blue switches, detachable Type-C cable, and vibrant RGB lighting modes.",3949,gaming_accessories,mechanicalkeyboard|blueswitch|60percent|rgbkeyboard|gaming,gaming|technology|computer_gadgets,birthday|graduation|eid,10_19|20_24|25_29|30_39,,fun|practical|minimal,in_stock,https://img.drz.lazcdn.com/static/pk/p/5a676b1c5c7bb741d40c6b12a023b093.jpg,Daraz,https://www.daraz.pk/products/rgb-k61-mechanical-gaming-keyboard-61-keys-60-percent-blue-switch-detachable-cable-wired-keyboard-for-pc-laptop-i936961997.html,curated
FIRE Light 104-Key Full Size Mechanical Gaming Keyboard,"A pro-grade full-size mechanical keyboard equipped with custom switches, orange ambient backlights, and aluminum chassis construction.",14000,gaming_accessories,mechanicalkeyboard|104key|firelight|aluminum|progaming,gaming|technology|computer_gadgets,birthday|graduation|anniversary,20_24|25_29|30_39|40_49,,luxury|practical|fun,in_stock,https://static-01.daraz.pk/p/b2812609c2631003553f15d2ce415f88.jpg,Daraz,https://www.daraz.pk/products/104-usb-i184292587.html,curated
Welcome to Our Sweet Home Wooden Hanging Wall Art,A charming laser-cut wooden welcome plaque decorated with colorful floral motifs. Adds warm hospitality to entryways and living rooms.,599,home_decor_gift,wallart|woodenart|sweethome|homedecor|hanging,home_lifestyle|art_crafts,thank_you|eid|birthday|wedding,20_24|25_29|30_39|40_49|50_plus,,budget_friendly|sentimental|elegant,in_stock,https://img.drz.lazcdn.com/static/pk/p/e2ea8ea7363fcf309489622d645e7512.jpg,Daraz,https://www.daraz.pk/products/welcome-to-our-sweet-home-wall-hanging-wooden-wall-decoration-items-for-home-wall-art-decoration-items-for-drawing-room-home-decoration-items-home-decor-wall-decoration-items-for-wall-hanging-decorations-pieces-colorful-mandala-decorative-sign-i1968230207.html,curated
Luxury Wrought Iron Hand-Painted Flower Wall Hanging Sculpture,A stylish golden metal relief sculpture shaped with three-dimensional lotus petals. Brings contemporary elegance to lounge and dining walls.,2650,home_decor_gift,metalart|wroughtiron|flowersculpture|walldecor|goldart,home_lifestyle|art_crafts,wedding|anniversary|eid|thank_you,25_29|30_39|40_49|50_plus,,elegant|sentimental|minimal,in_stock,https://img.drz.lazcdn.com/static/pk/p/1628d052843ef199468e2ee2a4351659.jpg,Daraz,https://www.daraz.pk/products/new-chinese-luxury-wrought-iron-wall-hanging-hand-painted-flower-wall-art-elegant-and-modern-home-decor-i455927329.html,curated
Modern Running Horses Canvas Framed Wall Art Painting,A vibrant framed canvas painting portraying running horses with textured brushstrokes. Symbolizes success and vitality in modern interior design.,3999,home_decor_gift,canvaspainting|horseart|framedart|wallhanging|decor,home_lifestyle|art_crafts,wedding|anniversary|birthday|eid,25_29|30_39|40_49|50_plus,,luxury|elegant|sentimental,in_stock,https://pk-live-21.slatic.net/kf/Sfc730001d08f410e9d75cbc521315643K.jpg,Daraz,https://www.daraz.pk/products/-i897087600.html,curated
Nordic Geometric Deer Head Wall Mount Decor Statue,A modern geometric stag head resin sculpture finished in matte electroplated tones. Serves as a dramatic centerpiece for drawing room walls.,10499,home_decor_gift,deerhead|wallmount|sculpture|nordicdecor|luxuryhome,home_lifestyle|art_crafts,wedding|anniversary|eid,25_29|30_39|40_49|50_plus,,luxury|elegant|minimal,in_stock,https://static-01.daraz.pk/p/789596f11bd6f3ebe3a454d47db650df.jpg,Daraz,https://www.daraz.pk/products/-i689626552.html,curated
Premium Pack of 4 Healthy Mixed Dry Fruits & Nuts Combo Box,"A wholesome snack gift package containing crunchy almonds, cashews, walnuts, and roasted pistachios sealed for freshness. Suitable for any gathering.",1235,food_hamper,dryfruits|mixednuts|almonds|walnuts|giftbox,food|home_lifestyle,eid|thank_you|birthday|wedding,10_19|20_24|25_29|30_39|40_49|50_plus,,practical|budget_friendly|self_care,in_stock,https://pk-live-21.slatic.net/kf/Sdf2def089a41494992cbfd427e14c147X.jpg,Daraz,https://www.daraz.pk/products/4-2025-i935271759.html,curated
6-in-1 Premium Mixed Dry Fruits & Nuts Gift Box 690g,"A curated 6-compartment wooden-style box featuring cashews, raisins, pumpkin seeds, almonds, pistachios, and walnuts. An appetising festive treat.",1999,food_hamper,dryfruitbox|nutsassortment|6in1|giftpack|healthy,food|home_lifestyle,eid|wedding|anniversary|thank_you,20_24|25_29|30_39|40_49|50_plus,,practical|sentimental|elegant,in_stock,https://static-01.daraz.pk/p/0b678c676b2b1951d5ac4b4862bef342.png,Daraz,https://www.daraz.pk/products/690-6-1-i1965556039.html,curated
Mix Dry Fruit 5-Sectional Gourmet Nuts Gift Box 1 KG,A generous 1-kilogram assortment of choice grade dry fruits presented in an ornate sectioned presentation box. Designed for celebratory gifting.,4000,food_hamper,gourmetnuts|dryfruits1kg|giftbox|presents|dryfruitbasket,food|home_lifestyle,eid|wedding|anniversary|thank_you,25_29|30_39|40_49|50_plus,,luxury|elegant|sentimental,in_stock,https://static-01.daraz.pk/p/f74d0cf7412197b617572906b4c3de30.jpg,Daraz,https://www.daraz.pk/products/5-5-1-i946208649.html,curated
Hexagonal Seven-Section Handcrafted Wooden Dry Fruit Royal Hamper Box,"A magnificent wooden hexagonal gift chest with seven velvet-lined partitions packed with premium figs, almonds, cashews, pistachios, and walnuts.",7500,food_hamper,dryfruithamper|woodenbox|royalhamper|dryfruits|luxurygift,food|home_lifestyle,wedding|eid|anniversary,25_29|30_39|40_49|50_plus,,luxury|elegant|sentimental,in_stock,https://static-01.daraz.pk/p/f6de9844fdc74175813b08faaef83fb6.jpg,Daraz,https://www.daraz.pk/products/-i663908410.html,curated
